"","Diptank","approx.date","ras.0"
"1","Hlanjwana","2016-04-30","14980"
"2","Hlanjwana","2016-05-08","14873"
"3","Hlanjwana","2016-05-16","14853"
"4","Hlanjwana","2016-05-24","14808"
"5","Hlanjwana","2016-06-01","14866"
"6","Hlanjwana","2016-06-09","14770"
"7","Hlanjwana","2016-06-17","14915"
"8","Hlanjwana","2016-06-25","14873"
"9","Hlanjwana","2016-07-03","14800"
"10","Hlanjwana","2016-07-11","14773"
"11","Hlanjwana","2016-07-19","14928"
"12","Hlanjwana","2016-07-27","14821"
"13","Hlanjwana","2016-08-04","14877"
"14","Hlanjwana","2016-08-12","14985"
"15","Hlanjwana","2016-08-20","14962"
"16","Hlanjwana","2016-08-28","15192"
"17","Hlanjwana","2016-09-05","15190"
"18","Hlanjwana","2016-09-13","14988"
"19","Hlanjwana","2016-09-21","15207"
"20","Hlanjwana","2016-09-29","15031"
"21","Hlanjwana","2016-10-07","15201"
"22","Hlanjwana","2016-10-15","15407"
"23","Hlanjwana","2016-10-23","15000"
"24","Hlanjwana","2016-10-31","15449"
"25","Hlanjwana","2016-11-08","15111"
"26","Hlanjwana","2016-11-16","15071"
"27","Hlanjwana","2016-11-24","15327"
"28","Hlanjwana","2016-12-02","15314"
"29","Hlanjwana","2016-12-10","15345"
"30","Hlanjwana","2016-12-18","15532"
"31","Hlanjwana","2016-12-26",NA
"32","Hlanjwana","2017-01-01","15145"
"33","Hlanjwana","2017-01-09","15075"
"34","Hlanjwana","2017-01-17","15102"
"35","Hlanjwana","2017-01-25","15239"
"36","Hlanjwana","2017-02-02","15120"
"37","Hlanjwana","2017-02-10","15278"
"38","Hlanjwana","2017-02-18","15232"
"39","Hlanjwana","2017-02-26","15101"
"40","Hlanjwana","2017-03-06","15022"
"41","Hlanjwana","2017-03-14","15032"
"42","Hlanjwana","2017-03-22","15098"
"43","Hlanjwana","2017-03-30","15144"
"44","Hlanjwana","2017-04-07","15103"
"45","Hlanjwana","2017-04-15","15001"
"46","Hlanjwana","2017-04-23","15021"
"47","Hlanjwana","2017-05-01","14920"
"48","Hlanjwana","2017-05-09","14917"
"49","Hlanjwana","2017-05-17","14876"
"50","Hlanjwana","2017-05-25","14753"
"51","Hlanjwana","2017-06-02","14861"
"52","Hlanjwana","2017-06-10","14775"
"53","Hlanjwana","2017-06-18","14812"
"54","Hlanjwana","2017-06-26","14803"
"55","Hlanjwana","2017-07-04","14923"
"56","Hlanjwana","2017-07-12","14885"
"57","Hlanjwana","2017-07-20","14852"
"58","Hlanjwana","2017-07-28","14876"
"59","Hlanjwana","2017-08-05","14901"
"60","Hlanjwana","2017-08-13","14901"
"61","Hlanjwana","2017-08-21","14986"
"62","Hlanjwana","2017-08-29","14831"
"63","Hlanjwana","2017-09-06","15204"
"64","Hlanjwana","2017-09-14","15032"
"65","Hlanjwana","2017-09-22","14957"
"66","Hlanjwana","2017-09-30","15144"
"67","Hlanjwana","2017-10-08","15202"
"68","Hlanjwana","2017-10-16","15241"
"69","Hlanjwana","2017-10-24","15365"
"70","Hlanjwana","2017-11-01","15347"
"71","Hlanjwana","2017-11-09","15187"
"72","Hlanjwana","2017-11-17","15291"
"73","Hlanjwana","2017-11-25","15215"
"74","Hlanjwana","2017-12-03","15449"
"75","Hlanjwana","2017-12-11","15024"
"76","Hlanjwana","2017-12-19","15282"
"77","Hlanjwana","2017-12-27","15083"
"78","Hlanjwana","2018-01-01","15200"
"79","Hlanjwana","2018-01-09","15367"
"80","Hlanjwana","2018-01-17","15232"
"81","Hlanjwana","2018-01-25","14968"
"82","Hlanjwana","2018-02-02","14940"
"83","Hlanjwana","2018-02-10","15079"
"84","Hlanjwana","2018-02-18","14826"
"85","Hlanjwana","2018-02-26","15156"
"86","Hlanjwana","2018-03-06","15002"
"87","Hlanjwana","2018-03-14","14993"
"88","Hlanjwana","2018-03-22","14998"
"89","Hlanjwana","2018-03-30","15071"
"90","Hlanjwana","2018-04-07","14822"
"91","Hlanjwana","2018-04-15","14900"
"92","Hlanjwana","2018-04-23","14926"
"93","Hlanjwana","2018-05-01","14849"
"94","Hlanjwana","2018-05-09","14773"
"95","Hlanjwana","2018-05-17","14800"
"96","Hlanjwana","2018-05-25","14833"
"97","Hlanjwana","2018-06-02","14670"
"98","Hlanjwana","2018-06-10","14801"
"99","Hlanjwana","2018-06-18","14796"
"100","Hlanjwana","2018-06-26","14725"
"101","Hlanjwana","2018-07-04","14695"
"102","Hlanjwana","2018-07-12","14650"
"103","Hlanjwana","2018-07-20","14794"
"104","Hlanjwana","2018-07-28","14805"
"105","Hlanjwana","2018-08-05","14723"
"106","Hlanjwana","2018-08-13","14913"
"107","Hlanjwana","2018-08-21","14778"
"108","Hlanjwana","2018-08-29","15007"
"109","Hlanjwana","2018-09-06","14966"
"110","Hlanjwana","2018-09-14","15075"
"111","Hlanjwana","2018-09-22","15146"
"112","Hlanjwana","2018-09-30","14954"
"113","Hlanjwana","2018-10-08","15162"
"114","Hlanjwana","2018-10-16","14662"
"115","Hlanjwana","2018-10-24","15311"
"116","Hlanjwana","2018-11-01","14980"
"117","Hlanjwana","2018-11-09","14995"
"118","Hlanjwana","2018-11-17","15317"
"119","Hlanjwana","2018-11-25","15450"
"120","Hlanjwana","2018-12-03","15557"
"121","Hlanjwana","2018-12-11","15240"
"122","Hlanjwana","2018-12-19","15308"
"123","Hlanjwana","2018-12-27","15141"
"124","Hlanjwana","2019-01-01","15012"
"125","Hlanjwana","2019-01-09","15134"
"126","Hlanjwana","2019-01-17","15020"
"127","Hlanjwana","2019-01-25","15201"
"128","Hlanjwana","2019-02-02","15005"
"129","Hlanjwana","2019-02-10","15353"
"130","Hlanjwana","2019-02-18","15053"
"131","Hlanjwana","2019-02-26","15021"
"132","Hlanjwana","2019-03-06","14990"
"133","Hlanjwana","2019-03-14","15072"
"134","Hlanjwana","2019-03-22","15017"
"135","Hlanjwana","2019-03-30","15020"
"136","Hlanjwana","2019-04-07","14945"
"137","Hlanjwana","2019-04-15","14887"
"138","Hlanjwana","2019-04-23","14920"
"139","Hlanjwana","2019-05-01","14908"
"140","Hlanjwana","2019-05-09","14861"
"141","Hlanjwana","2019-05-17","14898"
"142","Hlanjwana","2019-05-25","14835"
"143","Hlanjwana","2019-06-02","14769"
"144","Hlanjwana","2019-06-10","14749"
"145","Hlanjwana","2019-06-18","14813"
"146","Hlanjwana","2019-06-26","14803"
"147","Hlanjwana","2019-07-04","14803"
"148","Hlanjwana","2019-07-12","14829"
"149","Hlanjwana","2019-07-20","14788"
"150","Hlanjwana","2019-07-28","14879"
"151","Hlanjwana","2019-08-05","14904"
"152","Hlanjwana","2019-08-13","14886"
"153","Hlanjwana","2019-08-21","15002"
"154","Hlanjwana","2019-08-29","15069"
"155","Hlanjwana","2019-09-06","15066"
"156","Hlanjwana","2019-09-14","15264"
"157","Hlanjwana","2019-09-22","15116"
"158","Hlanjwana","2019-09-30","15159"
"159","Hlanjwana","2019-10-08","15012"
"160","Hlanjwana","2019-10-16","15296"
"161","Hlanjwana","2019-10-24","15240"
"162","Hlanjwana","2019-11-01","15445"
"163","Hlanjwana","2019-11-09","14938"
"164","Hlanjwana","2019-11-17","15097"
"165","Hlanjwana","2019-11-25","15263"
"166","Hlanjwana","2019-12-03","15454"
"167","Hlanjwana","2019-12-11","14986"
"168","Hlanjwana","2019-12-19","15308"
"169","Hlanjwana","2019-12-27",NA
"170","Hlanjwana","2020-01-01","15351"
"171","Hlanjwana","2020-01-09","15348"
"172","Hlanjwana","2020-01-17","14968"
"173","Hlanjwana","2020-01-25","15359"
"174","Hlanjwana","2020-02-02","15229"
"175","Hlanjwana","2020-02-10","15209"
"176","Hlanjwana","2020-02-18","15083"
"177","Hlanjwana","2020-02-26","15025"
"178","Hlanjwana","2020-03-05","15192"
"179","Hlanjwana","2020-03-13","15128"
"180","Hlanjwana","2020-03-21","15127"
"181","Hlanjwana","2020-03-29","15144"
"182","Madlakude","2016-04-30","14957"
"183","Madlakude","2016-05-08","14824"
"184","Madlakude","2016-05-16","14859"
"185","Madlakude","2016-05-24","14829"
"186","Madlakude","2016-06-01","14895"
"187","Madlakude","2016-06-09","14799"
"188","Madlakude","2016-06-17","14918"
"189","Madlakude","2016-06-25","14850"
"190","Madlakude","2016-07-03","14806"
"191","Madlakude","2016-07-11","14767"
"192","Madlakude","2016-07-19","14948"
"193","Madlakude","2016-07-27","14857"
"194","Madlakude","2016-08-04","14898"
"195","Madlakude","2016-08-12","14981"
"196","Madlakude","2016-08-20","15014"
"197","Madlakude","2016-08-28","15230"
"198","Madlakude","2016-09-05","15205"
"199","Madlakude","2016-09-13","14995"
"200","Madlakude","2016-09-21","15211"
"201","Madlakude","2016-09-29","15120"
"202","Madlakude","2016-10-07","15121"
"203","Madlakude","2016-10-15","15419"
"204","Madlakude","2016-10-23","15190"
"205","Madlakude","2016-10-31","15454"
"206","Madlakude","2016-11-08","15218"
"207","Madlakude","2016-11-16",NA
"208","Madlakude","2016-11-24","15370"
"209","Madlakude","2016-12-02","15254"
"210","Madlakude","2016-12-10","15207"
"211","Madlakude","2016-12-18","15582"
"212","Madlakude","2016-12-26",NA
"213","Madlakude","2017-01-01","15216"
"214","Madlakude","2017-01-09","15185"
"215","Madlakude","2017-01-17","15213"
"216","Madlakude","2017-01-25","15252"
"217","Madlakude","2017-02-02","15230"
"218","Madlakude","2017-02-10","15354"
"219","Madlakude","2017-02-18","15261"
"220","Madlakude","2017-02-26","15071"
"221","Madlakude","2017-03-06","15039"
"222","Madlakude","2017-03-14","15036"
"223","Madlakude","2017-03-22","15123"
"224","Madlakude","2017-03-30","15176"
"225","Madlakude","2017-04-07","15096"
"226","Madlakude","2017-04-15","15100"
"227","Madlakude","2017-04-23","15046"
"228","Madlakude","2017-05-01","14888"
"229","Madlakude","2017-05-09","14897"
"230","Madlakude","2017-05-17","14880"
"231","Madlakude","2017-05-25","14801"
"232","Madlakude","2017-06-02","14899"
"233","Madlakude","2017-06-10","14842"
"234","Madlakude","2017-06-18","14830"
"235","Madlakude","2017-06-26","14791"
"236","Madlakude","2017-07-04","14932"
"237","Madlakude","2017-07-12","14913"
"238","Madlakude","2017-07-20","14935"
"239","Madlakude","2017-07-28","14856"
"240","Madlakude","2017-08-05","14921"
"241","Madlakude","2017-08-13","14934"
"242","Madlakude","2017-08-21","15017"
"243","Madlakude","2017-08-29","14855"
"244","Madlakude","2017-09-06","15197"
"245","Madlakude","2017-09-14","15002"
"246","Madlakude","2017-09-22","14885"
"247","Madlakude","2017-09-30","15193"
"248","Madlakude","2017-10-08","15214"
"249","Madlakude","2017-10-16","15281"
"250","Madlakude","2017-10-24","15397"
"251","Madlakude","2017-11-01","15466"
"252","Madlakude","2017-11-09","15359"
"253","Madlakude","2017-11-17","15413"
"254","Madlakude","2017-11-25","15530"
"255","Madlakude","2017-12-03","15381"
"256","Madlakude","2017-12-11","15157"
"257","Madlakude","2017-12-19","15205"
"258","Madlakude","2017-12-27","15105"
"259","Madlakude","2018-01-01","15294"
"260","Madlakude","2018-01-09","15377"
"261","Madlakude","2018-01-17","15383"
"262","Madlakude","2018-01-25","15036"
"263","Madlakude","2018-02-02","15038"
"264","Madlakude","2018-02-10","15021"
"265","Madlakude","2018-02-18","14920"
"266","Madlakude","2018-02-26","15083"
"267","Madlakude","2018-03-06","15096"
"268","Madlakude","2018-03-14","15118"
"269","Madlakude","2018-03-22","15014"
"270","Madlakude","2018-03-30","14975"
"271","Madlakude","2018-04-07","14888"
"272","Madlakude","2018-04-15","14861"
"273","Madlakude","2018-04-23","14962"
"274","Madlakude","2018-05-01","14926"
"275","Madlakude","2018-05-09","14931"
"276","Madlakude","2018-05-17","14811"
"277","Madlakude","2018-05-25","14756"
"278","Madlakude","2018-06-02","14684"
"279","Madlakude","2018-06-10","14799"
"280","Madlakude","2018-06-18","14791"
"281","Madlakude","2018-06-26","14735"
"282","Madlakude","2018-07-04","14670"
"283","Madlakude","2018-07-12","14721"
"284","Madlakude","2018-07-20","14816"
"285","Madlakude","2018-07-28","14770"
"286","Madlakude","2018-08-05","14720"
"287","Madlakude","2018-08-13","14865"
"288","Madlakude","2018-08-21","14815"
"289","Madlakude","2018-08-29","15082"
"290","Madlakude","2018-09-06","14959"
"291","Madlakude","2018-09-14","15126"
"292","Madlakude","2018-09-22","15189"
"293","Madlakude","2018-09-30","15002"
"294","Madlakude","2018-10-08","15267"
"295","Madlakude","2018-10-16","14750"
"296","Madlakude","2018-10-24","15332"
"297","Madlakude","2018-11-01","15027"
"298","Madlakude","2018-11-09","15064"
"299","Madlakude","2018-11-17","15251"
"300","Madlakude","2018-11-25","15440"
"301","Madlakude","2018-12-03","15381"
"302","Madlakude","2018-12-11","15385"
"303","Madlakude","2018-12-19","15627"
"304","Madlakude","2018-12-27","15356"
"305","Madlakude","2019-01-01","15008"
"306","Madlakude","2019-01-09","15118"
"307","Madlakude","2019-01-17","15042"
"308","Madlakude","2019-01-25","15243"
"309","Madlakude","2019-02-02","15333"
"310","Madlakude","2019-02-10","15394"
"311","Madlakude","2019-02-18","15067"
"312","Madlakude","2019-02-26","14996"
"313","Madlakude","2019-03-06","15023"
"314","Madlakude","2019-03-14","15053"
"315","Madlakude","2019-03-22","14852"
"316","Madlakude","2019-03-30","15061"
"317","Madlakude","2019-04-07","14918"
"318","Madlakude","2019-04-15","14933"
"319","Madlakude","2019-04-23","14937"
"320","Madlakude","2019-05-01","14936"
"321","Madlakude","2019-05-09","14886"
"322","Madlakude","2019-05-17","14905"
"323","Madlakude","2019-05-25","14848"
"324","Madlakude","2019-06-02","14805"
"325","Madlakude","2019-06-10","14734"
"326","Madlakude","2019-06-18","14820"
"327","Madlakude","2019-06-26","14803"
"328","Madlakude","2019-07-04","14814"
"329","Madlakude","2019-07-12","14838"
"330","Madlakude","2019-07-20","14813"
"331","Madlakude","2019-07-28","14892"
"332","Madlakude","2019-08-05","14931"
"333","Madlakude","2019-08-13","14921"
"334","Madlakude","2019-08-21","15014"
"335","Madlakude","2019-08-29","15073"
"336","Madlakude","2019-09-06","15009"
"337","Madlakude","2019-09-14","15158"
"338","Madlakude","2019-09-22","15336"
"339","Madlakude","2019-09-30","15173"
"340","Madlakude","2019-10-08","15072"
"341","Madlakude","2019-10-16","15302"
"342","Madlakude","2019-10-24","15235"
"343","Madlakude","2019-11-01","15433"
"344","Madlakude","2019-11-09","14902"
"345","Madlakude","2019-11-17","15045"
"346","Madlakude","2019-11-25","15211"
"347","Madlakude","2019-12-03","15468"
"348","Madlakude","2019-12-11","14962"
"349","Madlakude","2019-12-19","15314"
"350","Madlakude","2019-12-27",NA
"351","Madlakude","2020-01-01","15408"
"352","Madlakude","2020-01-09","15294"
"353","Madlakude","2020-01-17","15084"
"354","Madlakude","2020-01-25","15385"
"355","Madlakude","2020-02-02","15446"
"356","Madlakude","2020-02-10","15287"
"357","Madlakude","2020-02-18","15007"
"358","Madlakude","2020-02-26","15135"
"359","Madlakude","2020-03-05","15267"
"360","Madlakude","2020-03-13","15103"
"361","Madlakude","2020-03-21","15143"
"362","Madlakude","2020-03-29","15166"
"363","Masondo","2016-04-30","14965"
"364","Masondo","2016-05-08","14911"
"365","Masondo","2016-05-16","14884"
"366","Masondo","2016-05-24","14825"
"367","Masondo","2016-06-01","14780"
"368","Masondo","2016-06-09","14726"
"369","Masondo","2016-06-17","14851"
"370","Masondo","2016-06-25","14866"
"371","Masondo","2016-07-03","14746"
"372","Masondo","2016-07-11","14722"
"373","Masondo","2016-07-19","14825"
"374","Masondo","2016-07-27","14783"
"375","Masondo","2016-08-04","14910"
"376","Masondo","2016-08-12","15068"
"377","Masondo","2016-08-20","14973"
"378","Masondo","2016-08-28","15219"
"379","Masondo","2016-09-05","15187"
"380","Masondo","2016-09-13","15001"
"381","Masondo","2016-09-21","15161"
"382","Masondo","2016-09-29","15039"
"383","Masondo","2016-10-07","15236"
"384","Masondo","2016-10-15","15345"
"385","Masondo","2016-10-23","15118"
"386","Masondo","2016-10-31","15147"
"387","Masondo","2016-11-08","15049"
"388","Masondo","2016-11-16","15266"
"389","Masondo","2016-11-24","15160"
"390","Masondo","2016-12-02","15264"
"391","Masondo","2016-12-10","15148"
"392","Masondo","2016-12-18","15517"
"393","Masondo","2016-12-26",NA
"394","Masondo","2017-01-01","15191"
"395","Masondo","2017-01-09","15132"
"396","Masondo","2017-01-17","15127"
"397","Masondo","2017-01-25","15246"
"398","Masondo","2017-02-02","15211"
"399","Masondo","2017-02-10","15141"
"400","Masondo","2017-02-18","15027"
"401","Masondo","2017-02-26","15120"
"402","Masondo","2017-03-06","14947"
"403","Masondo","2017-03-14","14994"
"404","Masondo","2017-03-22","15070"
"405","Masondo","2017-03-30","15061"
"406","Masondo","2017-04-07","15139"
"407","Masondo","2017-04-15","15066"
"408","Masondo","2017-04-23","15001"
"409","Masondo","2017-05-01","14978"
"410","Masondo","2017-05-09","14920"
"411","Masondo","2017-05-17","14904"
"412","Masondo","2017-05-25","14810"
"413","Masondo","2017-06-02","14874"
"414","Masondo","2017-06-10","14813"
"415","Masondo","2017-06-18","14822"
"416","Masondo","2017-06-26","14828"
"417","Masondo","2017-07-04","14862"
"418","Masondo","2017-07-12","14946"
"419","Masondo","2017-07-20","14931"
"420","Masondo","2017-07-28","14878"
"421","Masondo","2017-08-05","14922"
"422","Masondo","2017-08-13","14892"
"423","Masondo","2017-08-21","15040"
"424","Masondo","2017-08-29","14865"
"425","Masondo","2017-09-06","15315"
"426","Masondo","2017-09-14","14926"
"427","Masondo","2017-09-22","15055"
"428","Masondo","2017-09-30","15077"
"429","Masondo","2017-10-08","15222"
"430","Masondo","2017-10-16","15262"
"431","Masondo","2017-10-24","15190"
"432","Masondo","2017-11-01","15260"
"433","Masondo","2017-11-09","15179"
"434","Masondo","2017-11-17","15270"
"435","Masondo","2017-11-25","15403"
"436","Masondo","2017-12-03","15203"
"437","Masondo","2017-12-11","14992"
"438","Masondo","2017-12-19","15298"
"439","Masondo","2017-12-27","15165"
"440","Masondo","2018-01-01","15319"
"441","Masondo","2018-01-09","15184"
"442","Masondo","2018-01-17","15323"
"443","Masondo","2018-01-25","15024"
"444","Masondo","2018-02-02","15100"
"445","Masondo","2018-02-10","15043"
"446","Masondo","2018-02-18","15253"
"447","Masondo","2018-02-26","15016"
"448","Masondo","2018-03-06","15129"
"449","Masondo","2018-03-14","15094"
"450","Masondo","2018-03-22","15092"
"451","Masondo","2018-03-30","15108"
"452","Masondo","2018-04-07","15015"
"453","Masondo","2018-04-15","14891"
"454","Masondo","2018-04-23","15015"
"455","Masondo","2018-05-01","14854"
"456","Masondo","2018-05-09","14922"
"457","Masondo","2018-05-17","14827"
"458","Masondo","2018-05-25","14796"
"459","Masondo","2018-06-02","14759"
"460","Masondo","2018-06-10","14795"
"461","Masondo","2018-06-18","14845"
"462","Masondo","2018-06-26","14827"
"463","Masondo","2018-07-04","14782"
"464","Masondo","2018-07-12","14747"
"465","Masondo","2018-07-20","14819"
"466","Masondo","2018-07-28","14826"
"467","Masondo","2018-08-05","14746"
"468","Masondo","2018-08-13","14984"
"469","Masondo","2018-08-21","14942"
"470","Masondo","2018-08-29","15063"
"471","Masondo","2018-09-06","14992"
"472","Masondo","2018-09-14","15239"
"473","Masondo","2018-09-22","15254"
"474","Masondo","2018-09-30","15190"
"475","Masondo","2018-10-08","15134"
"476","Masondo","2018-10-16","14764"
"477","Masondo","2018-10-24","15366"
"478","Masondo","2018-11-01","15083"
"479","Masondo","2018-11-09","15088"
"480","Masondo","2018-11-17","15186"
"481","Masondo","2018-11-25","15427"
"482","Masondo","2018-12-03","15252"
"483","Masondo","2018-12-11","15345"
"484","Masondo","2018-12-19","15334"
"485","Masondo","2018-12-27","15472"
"486","Masondo","2019-01-01","15078"
"487","Masondo","2019-01-09","15429"
"488","Masondo","2019-01-17","15152"
"489","Masondo","2019-01-25","15156"
"490","Masondo","2019-02-02","15114"
"491","Masondo","2019-02-10","15300"
"492","Masondo","2019-02-18","15068"
"493","Masondo","2019-02-26","14942"
"494","Masondo","2019-03-06","14985"
"495","Masondo","2019-03-14","15118"
"496","Masondo","2019-03-22","14846"
"497","Masondo","2019-03-30","15038"
"498","Masondo","2019-04-07","15002"
"499","Masondo","2019-04-15","14861"
"500","Masondo","2019-04-23","14951"
"501","Masondo","2019-05-01","14953"
"502","Masondo","2019-05-09","14916"
"503","Masondo","2019-05-17","14886"
"504","Masondo","2019-05-25","14809"
"505","Masondo","2019-06-02","14868"
"506","Masondo","2019-06-10","14804"
"507","Masondo","2019-06-18","14812"
"508","Masondo","2019-06-26","14867"
"509","Masondo","2019-07-04","14870"
"510","Masondo","2019-07-12","14909"
"511","Masondo","2019-07-20","14887"
"512","Masondo","2019-07-28","14947"
"513","Masondo","2019-08-05","14951"
"514","Masondo","2019-08-13","14937"
"515","Masondo","2019-08-21","15110"
"516","Masondo","2019-08-29","15033"
"517","Masondo","2019-09-06","15031"
"518","Masondo","2019-09-14","15299"
"519","Masondo","2019-09-22","15179"
"520","Masondo","2019-09-30","15118"
"521","Masondo","2019-10-08","15135"
"522","Masondo","2019-10-16","15358"
"523","Masondo","2019-10-24","15187"
"524","Masondo","2019-11-01","15524"
"525","Masondo","2019-11-09","14965"
"526","Masondo","2019-11-17","15225"
"527","Masondo","2019-11-25","15479"
"528","Masondo","2019-12-03","15542"
"529","Masondo","2019-12-11","15063"
"530","Masondo","2019-12-19","15489"
"531","Masondo","2019-12-27","15012"
"532","Masondo","2020-01-01","15400"
"533","Masondo","2020-01-09","15132"
"534","Masondo","2020-01-17","14913"
"535","Masondo","2020-01-25","15226"
"536","Masondo","2020-02-02","15190"
"537","Masondo","2020-02-10","15229"
"538","Masondo","2020-02-18","14939"
"539","Masondo","2020-02-26","15039"
"540","Masondo","2020-03-05","15023"
"541","Masondo","2020-03-13","14975"
"542","Masondo","2020-03-21","15095"
"543","Masondo","2020-03-29","15039"
"544","Mbangwini","2016-04-30","14980"
"545","Mbangwini","2016-05-08","14873"
"546","Mbangwini","2016-05-16","14853"
"547","Mbangwini","2016-05-24","14808"
"548","Mbangwini","2016-06-01","14866"
"549","Mbangwini","2016-06-09","14770"
"550","Mbangwini","2016-06-17","14915"
"551","Mbangwini","2016-06-25","14873"
"552","Mbangwini","2016-07-03","14800"
"553","Mbangwini","2016-07-11","14773"
"554","Mbangwini","2016-07-19","14928"
"555","Mbangwini","2016-07-27","14821"
"556","Mbangwini","2016-08-04","14877"
"557","Mbangwini","2016-08-12","14985"
"558","Mbangwini","2016-08-20","14962"
"559","Mbangwini","2016-08-28","15192"
"560","Mbangwini","2016-09-05","15190"
"561","Mbangwini","2016-09-13","14988"
"562","Mbangwini","2016-09-21","15207"
"563","Mbangwini","2016-09-29","15031"
"564","Mbangwini","2016-10-07","15201"
"565","Mbangwini","2016-10-15","15407"
"566","Mbangwini","2016-10-23","15000"
"567","Mbangwini","2016-10-31","15449"
"568","Mbangwini","2016-11-08","15111"
"569","Mbangwini","2016-11-16","15071"
"570","Mbangwini","2016-11-24","15327"
"571","Mbangwini","2016-12-02","15314"
"572","Mbangwini","2016-12-10","15345"
"573","Mbangwini","2016-12-18","15532"
"574","Mbangwini","2016-12-26",NA
"575","Mbangwini","2017-01-01","15145"
"576","Mbangwini","2017-01-09","15075"
"577","Mbangwini","2017-01-17","15102"
"578","Mbangwini","2017-01-25","15239"
"579","Mbangwini","2017-02-02","15120"
"580","Mbangwini","2017-02-10","15278"
"581","Mbangwini","2017-02-18","15232"
"582","Mbangwini","2017-02-26","15101"
"583","Mbangwini","2017-03-06","15022"
"584","Mbangwini","2017-03-14","15032"
"585","Mbangwini","2017-03-22","15098"
"586","Mbangwini","2017-03-30","15144"
"587","Mbangwini","2017-04-07","15103"
"588","Mbangwini","2017-04-15","15001"
"589","Mbangwini","2017-04-23","15021"
"590","Mbangwini","2017-05-01","14920"
"591","Mbangwini","2017-05-09","14917"
"592","Mbangwini","2017-05-17","14876"
"593","Mbangwini","2017-05-25","14753"
"594","Mbangwini","2017-06-02","14861"
"595","Mbangwini","2017-06-10","14775"
"596","Mbangwini","2017-06-18","14812"
"597","Mbangwini","2017-06-26","14803"
"598","Mbangwini","2017-07-04","14923"
"599","Mbangwini","2017-07-12","14885"
"600","Mbangwini","2017-07-20","14852"
"601","Mbangwini","2017-07-28","14876"
"602","Mbangwini","2017-08-05","14901"
"603","Mbangwini","2017-08-13","14901"
"604","Mbangwini","2017-08-21","14986"
"605","Mbangwini","2017-08-29","14831"
"606","Mbangwini","2017-09-06","15204"
"607","Mbangwini","2017-09-14","15032"
"608","Mbangwini","2017-09-22","14957"
"609","Mbangwini","2017-09-30","15144"
"610","Mbangwini","2017-10-08","15202"
"611","Mbangwini","2017-10-16","15241"
"612","Mbangwini","2017-10-24","15365"
"613","Mbangwini","2017-11-01","15347"
"614","Mbangwini","2017-11-09","15187"
"615","Mbangwini","2017-11-17","15291"
"616","Mbangwini","2017-11-25","15215"
"617","Mbangwini","2017-12-03","15449"
"618","Mbangwini","2017-12-11","15024"
"619","Mbangwini","2017-12-19","15282"
"620","Mbangwini","2017-12-27","15083"
"621","Mbangwini","2018-01-01","15200"
"622","Mbangwini","2018-01-09","15367"
"623","Mbangwini","2018-01-17","15232"
"624","Mbangwini","2018-01-25","14968"
"625","Mbangwini","2018-02-02","14940"
"626","Mbangwini","2018-02-10","15079"
"627","Mbangwini","2018-02-18","14826"
"628","Mbangwini","2018-02-26","15156"
"629","Mbangwini","2018-03-06","15002"
"630","Mbangwini","2018-03-14","14993"
"631","Mbangwini","2018-03-22","14998"
"632","Mbangwini","2018-03-30","15071"
"633","Mbangwini","2018-04-07","14822"
"634","Mbangwini","2018-04-15","14900"
"635","Mbangwini","2018-04-23","14926"
"636","Mbangwini","2018-05-01","14849"
"637","Mbangwini","2018-05-09","14773"
"638","Mbangwini","2018-05-17","14800"
"639","Mbangwini","2018-05-25","14833"
"640","Mbangwini","2018-06-02","14670"
"641","Mbangwini","2018-06-10","14801"
"642","Mbangwini","2018-06-18","14796"
"643","Mbangwini","2018-06-26","14725"
"644","Mbangwini","2018-07-04","14695"
"645","Mbangwini","2018-07-12","14650"
"646","Mbangwini","2018-07-20","14794"
"647","Mbangwini","2018-07-28","14805"
"648","Mbangwini","2018-08-05","14723"
"649","Mbangwini","2018-08-13","14913"
"650","Mbangwini","2018-08-21","14778"
"651","Mbangwini","2018-08-29","15007"
"652","Mbangwini","2018-09-06","14966"
"653","Mbangwini","2018-09-14","15075"
"654","Mbangwini","2018-09-22","15146"
"655","Mbangwini","2018-09-30","14954"
"656","Mbangwini","2018-10-08","15162"
"657","Mbangwini","2018-10-16","14662"
"658","Mbangwini","2018-10-24","15311"
"659","Mbangwini","2018-11-01","14980"
"660","Mbangwini","2018-11-09","14995"
"661","Mbangwini","2018-11-17","15317"
"662","Mbangwini","2018-11-25","15450"
"663","Mbangwini","2018-12-03","15557"
"664","Mbangwini","2018-12-11","15240"
"665","Mbangwini","2018-12-19","15308"
"666","Mbangwini","2018-12-27","15141"
"667","Mbangwini","2019-01-01","15012"
"668","Mbangwini","2019-01-09","15134"
"669","Mbangwini","2019-01-17","15020"
"670","Mbangwini","2019-01-25","15201"
"671","Mbangwini","2019-02-02","15005"
"672","Mbangwini","2019-02-10","15353"
"673","Mbangwini","2019-02-18","15053"
"674","Mbangwini","2019-02-26","15021"
"675","Mbangwini","2019-03-06","14990"
"676","Mbangwini","2019-03-14","15072"
"677","Mbangwini","2019-03-22","15017"
"678","Mbangwini","2019-03-30","15020"
"679","Mbangwini","2019-04-07","14945"
"680","Mbangwini","2019-04-15","14887"
"681","Mbangwini","2019-04-23","14920"
"682","Mbangwini","2019-05-01","14908"
"683","Mbangwini","2019-05-09","14861"
"684","Mbangwini","2019-05-17","14898"
"685","Mbangwini","2019-05-25","14835"
"686","Mbangwini","2019-06-02","14769"
"687","Mbangwini","2019-06-10","14749"
"688","Mbangwini","2019-06-18","14813"
"689","Mbangwini","2019-06-26","14803"
"690","Mbangwini","2019-07-04","14803"
"691","Mbangwini","2019-07-12","14829"
"692","Mbangwini","2019-07-20","14788"
"693","Mbangwini","2019-07-28","14879"
"694","Mbangwini","2019-08-05","14904"
"695","Mbangwini","2019-08-13","14886"
"696","Mbangwini","2019-08-21","15002"
"697","Mbangwini","2019-08-29","15069"
"698","Mbangwini","2019-09-06","15066"
"699","Mbangwini","2019-09-14","15264"
"700","Mbangwini","2019-09-22","15116"
"701","Mbangwini","2019-09-30","15159"
"702","Mbangwini","2019-10-08","15012"
"703","Mbangwini","2019-10-16","15296"
"704","Mbangwini","2019-10-24","15240"
"705","Mbangwini","2019-11-01","15445"
"706","Mbangwini","2019-11-09","14938"
"707","Mbangwini","2019-11-17","15097"
"708","Mbangwini","2019-11-25","15263"
"709","Mbangwini","2019-12-03","15454"
"710","Mbangwini","2019-12-11","14986"
"711","Mbangwini","2019-12-19","15308"
"712","Mbangwini","2019-12-27",NA
"713","Mbangwini","2020-01-01","15351"
"714","Mbangwini","2020-01-09","15348"
"715","Mbangwini","2020-01-17","14968"
"716","Mbangwini","2020-01-25","15359"
"717","Mbangwini","2020-02-02","15229"
"718","Mbangwini","2020-02-10","15209"
"719","Mbangwini","2020-02-18","15083"
"720","Mbangwini","2020-02-26","15025"
"721","Mbangwini","2020-03-05","15192"
"722","Mbangwini","2020-03-13","15128"
"723","Mbangwini","2020-03-21","15127"
"724","Mbangwini","2020-03-29","15144"
"725","Mpala","2016-04-30","15255"
"726","Mpala","2016-05-08","14903"
"727","Mpala","2016-05-16","14922"
"728","Mpala","2016-05-24","14918"
"729","Mpala","2016-06-01","14971"
"730","Mpala","2016-06-09","14822"
"731","Mpala","2016-06-17","15011"
"732","Mpala","2016-06-25","15001"
"733","Mpala","2016-07-03","14925"
"734","Mpala","2016-07-11","14886"
"735","Mpala","2016-07-19","15075"
"736","Mpala","2016-07-27","14929"
"737","Mpala","2016-08-04","15068"
"738","Mpala","2016-08-12","15140"
"739","Mpala","2016-08-20","15180"
"740","Mpala","2016-08-28","15409"
"741","Mpala","2016-09-05","15379"
"742","Mpala","2016-09-13","15147"
"743","Mpala","2016-09-21","15406"
"744","Mpala","2016-09-29","15240"
"745","Mpala","2016-10-07","15181"
"746","Mpala","2016-10-15","15654"
"747","Mpala","2016-10-23","15295"
"748","Mpala","2016-10-31","15590"
"749","Mpala","2016-11-08","15309"
"750","Mpala","2016-11-16","15026"
"751","Mpala","2016-11-24","15506"
"752","Mpala","2016-12-02","15503"
"753","Mpala","2016-12-10","15441"
"754","Mpala","2016-12-18","15813"
"755","Mpala","2016-12-26",NA
"756","Mpala","2017-01-01","15276"
"757","Mpala","2017-01-09","15145"
"758","Mpala","2017-01-17","15293"
"759","Mpala","2017-01-25","15579"
"760","Mpala","2017-02-02","15374"
"761","Mpala","2017-02-10","15518"
"762","Mpala","2017-02-18","15403"
"763","Mpala","2017-02-26","15138"
"764","Mpala","2017-03-06","15138"
"765","Mpala","2017-03-14","15233"
"766","Mpala","2017-03-22","15334"
"767","Mpala","2017-03-30","15373"
"768","Mpala","2017-04-07","15309"
"769","Mpala","2017-04-15","15270"
"770","Mpala","2017-04-23","15218"
"771","Mpala","2017-05-01","14988"
"772","Mpala","2017-05-09","14971"
"773","Mpala","2017-05-17","15058"
"774","Mpala","2017-05-25","14987"
"775","Mpala","2017-06-02","14998"
"776","Mpala","2017-06-10","14973"
"777","Mpala","2017-06-18","14971"
"778","Mpala","2017-06-26","14935"
"779","Mpala","2017-07-04","15091"
"780","Mpala","2017-07-12","15019"
"781","Mpala","2017-07-20","15032"
"782","Mpala","2017-07-28","15017"
"783","Mpala","2017-08-05","15084"
"784","Mpala","2017-08-13","15050"
"785","Mpala","2017-08-21","15220"
"786","Mpala","2017-08-29","15010"
"787","Mpala","2017-09-06","15456"
"788","Mpala","2017-09-14","15175"
"789","Mpala","2017-09-22","15119"
"790","Mpala","2017-09-30","15459"
"791","Mpala","2017-10-08","15529"
"792","Mpala","2017-10-16","15534"
"793","Mpala","2017-10-24","15737"
"794","Mpala","2017-11-01","15798"
"795","Mpala","2017-11-09","15452"
"796","Mpala","2017-11-17","15561"
"797","Mpala","2017-11-25","15667"
"798","Mpala","2017-12-03","15251"
"799","Mpala","2017-12-11","15313"
"800","Mpala","2017-12-19","15214"
"801","Mpala","2017-12-27","15180"
"802","Mpala","2018-01-01","15481"
"803","Mpala","2018-01-09","15693"
"804","Mpala","2018-01-17","15545"
"805","Mpala","2018-01-25","15340"
"806","Mpala","2018-02-02","15115"
"807","Mpala","2018-02-10","15104"
"808","Mpala","2018-02-18","14838"
"809","Mpala","2018-02-26","15272"
"810","Mpala","2018-03-06","15168"
"811","Mpala","2018-03-14","15069"
"812","Mpala","2018-03-22","15035"
"813","Mpala","2018-03-30","15001"
"814","Mpala","2018-04-07","14923"
"815","Mpala","2018-04-15","14996"
"816","Mpala","2018-04-23","14986"
"817","Mpala","2018-05-01","14963"
"818","Mpala","2018-05-09","14856"
"819","Mpala","2018-05-17","14787"
"820","Mpala","2018-05-25","14837"
"821","Mpala","2018-06-02","14713"
"822","Mpala","2018-06-10","14832"
"823","Mpala","2018-06-18","14843"
"824","Mpala","2018-06-26","14781"
"825","Mpala","2018-07-04","14776"
"826","Mpala","2018-07-12","14734"
"827","Mpala","2018-07-20","14891"
"828","Mpala","2018-07-28","14827"
"829","Mpala","2018-08-05","14861"
"830","Mpala","2018-08-13","14964"
"831","Mpala","2018-08-21","14959"
"832","Mpala","2018-08-29","15160"
"833","Mpala","2018-09-06","15014"
"834","Mpala","2018-09-14","15175"
"835","Mpala","2018-09-22","15179"
"836","Mpala","2018-09-30","15061"
"837","Mpala","2018-10-08","15323"
"838","Mpala","2018-10-16","14678"
"839","Mpala","2018-10-24","15486"
"840","Mpala","2018-11-01","15063"
"841","Mpala","2018-11-09","15132"
"842","Mpala","2018-11-17","15413"
"843","Mpala","2018-11-25","15629"
"844","Mpala","2018-12-03","15459"
"845","Mpala","2018-12-11","15493"
"846","Mpala","2018-12-19","15426"
"847","Mpala","2018-12-27","15292"
"848","Mpala","2019-01-01","15218"
"849","Mpala","2019-01-09","15330"
"850","Mpala","2019-01-17","15142"
"851","Mpala","2019-01-25","15182"
"852","Mpala","2019-02-02","15076"
"853","Mpala","2019-02-10","15467"
"854","Mpala","2019-02-18","15180"
"855","Mpala","2019-02-26","15101"
"856","Mpala","2019-03-06","14976"
"857","Mpala","2019-03-14","15106"
"858","Mpala","2019-03-22","14899"
"859","Mpala","2019-03-30","14948"
"860","Mpala","2019-04-07","14978"
"861","Mpala","2019-04-15","14939"
"862","Mpala","2019-04-23","15020"
"863","Mpala","2019-05-01","15015"
"864","Mpala","2019-05-09","14966"
"865","Mpala","2019-05-17","15000"
"866","Mpala","2019-05-25","14970"
"867","Mpala","2019-06-02","14877"
"868","Mpala","2019-06-10","14840"
"869","Mpala","2019-06-18","14921"
"870","Mpala","2019-06-26","14927"
"871","Mpala","2019-07-04","14928"
"872","Mpala","2019-07-12","14945"
"873","Mpala","2019-07-20","14905"
"874","Mpala","2019-07-28","14979"
"875","Mpala","2019-08-05","15032"
"876","Mpala","2019-08-13","15024"
"877","Mpala","2019-08-21","15171"
"878","Mpala","2019-08-29","15235"
"879","Mpala","2019-09-06","15129"
"880","Mpala","2019-09-14","15329"
"881","Mpala","2019-09-22","15568"
"882","Mpala","2019-09-30","15391"
"883","Mpala","2019-10-08","15308"
"884","Mpala","2019-10-16","15570"
"885","Mpala","2019-10-24","15363"
"886","Mpala","2019-11-01","15691"
"887","Mpala","2019-11-09","14867"
"888","Mpala","2019-11-17","15355"
"889","Mpala","2019-11-25","15303"
"890","Mpala","2019-12-03","15647"
"891","Mpala","2019-12-11","15022"
"892","Mpala","2019-12-19","15474"
"893","Mpala","2019-12-27",NA
"894","Mpala","2020-01-01","15516"
"895","Mpala","2020-01-09","15282"
"896","Mpala","2020-01-17","15226"
"897","Mpala","2020-01-25","15552"
"898","Mpala","2020-02-02","15478"
"899","Mpala","2020-02-10","15340"
"900","Mpala","2020-02-18","15153"
"901","Mpala","2020-02-26","15277"
"902","Mpala","2020-03-05","15333"
"903","Mpala","2020-03-13","15324"
"904","Mpala","2020-03-21","15224"
"905","Mpala","2020-03-29","15275"
"906","Namaneni","2016-04-30","15141"
"907","Namaneni","2016-05-08","14947"
"908","Namaneni","2016-05-16","14964"
"909","Namaneni","2016-05-24","14931"
"910","Namaneni","2016-06-01","14959"
"911","Namaneni","2016-06-09","14851"
"912","Namaneni","2016-06-17","14992"
"913","Namaneni","2016-06-25","14925"
"914","Namaneni","2016-07-03","14916"
"915","Namaneni","2016-07-11","14914"
"916","Namaneni","2016-07-19","15055"
"917","Namaneni","2016-07-27","14983"
"918","Namaneni","2016-08-04","15047"
"919","Namaneni","2016-08-12","15067"
"920","Namaneni","2016-08-20","15161"
"921","Namaneni","2016-08-28","15383"
"922","Namaneni","2016-09-05","15344"
"923","Namaneni","2016-09-13","15125"
"924","Namaneni","2016-09-21","15352"
"925","Namaneni","2016-09-29","15281"
"926","Namaneni","2016-10-07","15129"
"927","Namaneni","2016-10-15","15560"
"928","Namaneni","2016-10-23","15353"
"929","Namaneni","2016-10-31","15663"
"930","Namaneni","2016-11-08","15339"
"931","Namaneni","2016-11-16","15136"
"932","Namaneni","2016-11-24","15476"
"933","Namaneni","2016-12-02","15363"
"934","Namaneni","2016-12-10","15465"
"935","Namaneni","2016-12-18","15701"
"936","Namaneni","2016-12-26",NA
"937","Namaneni","2017-01-01","15395"
"938","Namaneni","2017-01-09","15261"
"939","Namaneni","2017-01-17","15261"
"940","Namaneni","2017-01-25","15355"
"941","Namaneni","2017-02-02","15339"
"942","Namaneni","2017-02-10","15469"
"943","Namaneni","2017-02-18","15315"
"944","Namaneni","2017-02-26","15135"
"945","Namaneni","2017-03-06","15109"
"946","Namaneni","2017-03-14","15043"
"947","Namaneni","2017-03-22","15226"
"948","Namaneni","2017-03-30","15256"
"949","Namaneni","2017-04-07","15181"
"950","Namaneni","2017-04-15","15186"
"951","Namaneni","2017-04-23","15120"
"952","Namaneni","2017-05-01","14927"
"953","Namaneni","2017-05-09","14926"
"954","Namaneni","2017-05-17","14956"
"955","Namaneni","2017-05-25","14869"
"956","Namaneni","2017-06-02","14955"
"957","Namaneni","2017-06-10","14874"
"958","Namaneni","2017-06-18","14890"
"959","Namaneni","2017-06-26","14833"
"960","Namaneni","2017-07-04","14990"
"961","Namaneni","2017-07-12","14951"
"962","Namaneni","2017-07-20","15022"
"963","Namaneni","2017-07-28","14932"
"964","Namaneni","2017-08-05","15061"
"965","Namaneni","2017-08-13","15027"
"966","Namaneni","2017-08-21","15142"
"967","Namaneni","2017-08-29","14947"
"968","Namaneni","2017-09-06","15304"
"969","Namaneni","2017-09-14","15079"
"970","Namaneni","2017-09-22","15023"
"971","Namaneni","2017-09-30","15313"
"972","Namaneni","2017-10-08","15387"
"973","Namaneni","2017-10-16","15456"
"974","Namaneni","2017-10-24","15569"
"975","Namaneni","2017-11-01","15629"
"976","Namaneni","2017-11-09","15453"
"977","Namaneni","2017-11-17","15521"
"978","Namaneni","2017-11-25","15686"
"979","Namaneni","2017-12-03","15295"
"980","Namaneni","2017-12-11","15176"
"981","Namaneni","2017-12-19","15308"
"982","Namaneni","2017-12-27","15159"
"983","Namaneni","2018-01-01","15363"
"984","Namaneni","2018-01-09","15499"
"985","Namaneni","2018-01-17","15479"
"986","Namaneni","2018-01-25","15098"
"987","Namaneni","2018-02-02","15049"
"988","Namaneni","2018-02-10","15070"
"989","Namaneni","2018-02-18","15001"
"990","Namaneni","2018-02-26","15032"
"991","Namaneni","2018-03-06","15105"
"992","Namaneni","2018-03-14","15148"
"993","Namaneni","2018-03-22","15049"
"994","Namaneni","2018-03-30","15032"
"995","Namaneni","2018-04-07","14908"
"996","Namaneni","2018-04-15","14937"
"997","Namaneni","2018-04-23","14982"
"998","Namaneni","2018-05-01","14968"
"999","Namaneni","2018-05-09","14961"
"1000","Namaneni","2018-05-17","14806"
"1001","Namaneni","2018-05-25","14783"
"1002","Namaneni","2018-06-02","14722"
"1003","Namaneni","2018-06-10","14820"
"1004","Namaneni","2018-06-18","14826"
"1005","Namaneni","2018-06-26","14764"
"1006","Namaneni","2018-07-04","14727"
"1007","Namaneni","2018-07-12","14700"
"1008","Namaneni","2018-07-20","14886"
"1009","Namaneni","2018-07-28","14883"
"1010","Namaneni","2018-08-05","14793"
"1011","Namaneni","2018-08-13","14961"
"1012","Namaneni","2018-08-21","14901"
"1013","Namaneni","2018-08-29","15122"
"1014","Namaneni","2018-09-06","14997"
"1015","Namaneni","2018-09-14","15141"
"1016","Namaneni","2018-09-22","15148"
"1017","Namaneni","2018-09-30","15050"
"1018","Namaneni","2018-10-08","15322"
"1019","Namaneni","2018-10-16","14706"
"1020","Namaneni","2018-10-24","15407"
"1021","Namaneni","2018-11-01","15062"
"1022","Namaneni","2018-11-09","15137"
"1023","Namaneni","2018-11-17","15277"
"1024","Namaneni","2018-11-25","15533"
"1025","Namaneni","2018-12-03","15387"
"1026","Namaneni","2018-12-11","15473"
"1027","Namaneni","2018-12-19","15772"
"1028","Namaneni","2018-12-27","15190"
"1029","Namaneni","2019-01-01","15013"
"1030","Namaneni","2019-01-09","15270"
"1031","Namaneni","2019-01-17","15151"
"1032","Namaneni","2019-01-25","15233"
"1033","Namaneni","2019-02-02","15297"
"1034","Namaneni","2019-02-10","15492"
"1035","Namaneni","2019-02-18","15085"
"1036","Namaneni","2019-02-26","15031"
"1037","Namaneni","2019-03-06","15094"
"1038","Namaneni","2019-03-14","15100"
"1039","Namaneni","2019-03-22","14855"
"1040","Namaneni","2019-03-30","15071"
"1041","Namaneni","2019-04-07","14966"
"1042","Namaneni","2019-04-15","14951"
"1043","Namaneni","2019-04-23","14981"
"1044","Namaneni","2019-05-01","15001"
"1045","Namaneni","2019-05-09","14933"
"1046","Namaneni","2019-05-17","14965"
"1047","Namaneni","2019-05-25","14925"
"1048","Namaneni","2019-06-02","14888"
"1049","Namaneni","2019-06-10","14799"
"1050","Namaneni","2019-06-18","14859"
"1051","Namaneni","2019-06-26","14874"
"1052","Namaneni","2019-07-04","14857"
"1053","Namaneni","2019-07-12","14891"
"1054","Namaneni","2019-07-20","14870"
"1055","Namaneni","2019-07-28","14943"
"1056","Namaneni","2019-08-05","14984"
"1057","Namaneni","2019-08-13","14988"
"1058","Namaneni","2019-08-21","15101"
"1059","Namaneni","2019-08-29","15176"
"1060","Namaneni","2019-09-06","15126"
"1061","Namaneni","2019-09-14","15224"
"1062","Namaneni","2019-09-22","15474"
"1063","Namaneni","2019-09-30","15279"
"1064","Namaneni","2019-10-08","15157"
"1065","Namaneni","2019-10-16","15398"
"1066","Namaneni","2019-10-24","15276"
"1067","Namaneni","2019-11-01","15538"
"1068","Namaneni","2019-11-09","14934"
"1069","Namaneni","2019-11-17","15091"
"1070","Namaneni","2019-11-25","15255"
"1071","Namaneni","2019-12-03","15425"
"1072","Namaneni","2019-12-11","14971"
"1073","Namaneni","2019-12-19","15399"
"1074","Namaneni","2019-12-27",NA
"1075","Namaneni","2020-01-01","15499"
"1076","Namaneni","2020-01-09","15299"
"1077","Namaneni","2020-01-17","15200"
"1078","Namaneni","2020-01-25","15497"
"1079","Namaneni","2020-02-02","15585"
"1080","Namaneni","2020-02-10","15333"
"1081","Namaneni","2020-02-18","15212"
"1082","Namaneni","2020-02-26","15178"
"1083","Namaneni","2020-03-05","15273"
"1084","Namaneni","2020-03-13","15186"
"1085","Namaneni","2020-03-21","15225"
"1086","Namaneni","2020-03-29","15280"
"1087","Ndumo","2016-04-30","15074"
"1088","Ndumo","2016-05-08","14876"
"1089","Ndumo","2016-05-16","14919"
"1090","Ndumo","2016-05-24","14907"
"1091","Ndumo","2016-06-01","14921"
"1092","Ndumo","2016-06-09","14807"
"1093","Ndumo","2016-06-17","14975"
"1094","Ndumo","2016-06-25","14961"
"1095","Ndumo","2016-07-03","14888"
"1096","Ndumo","2016-07-11","14867"
"1097","Ndumo","2016-07-19","15042"
"1098","Ndumo","2016-07-27","14886"
"1099","Ndumo","2016-08-04","15004"
"1100","Ndumo","2016-08-12","15094"
"1101","Ndumo","2016-08-20","15090"
"1102","Ndumo","2016-08-28","15350"
"1103","Ndumo","2016-09-05","15336"
"1104","Ndumo","2016-09-13","15103"
"1105","Ndumo","2016-09-21","15337"
"1106","Ndumo","2016-09-29","15169"
"1107","Ndumo","2016-10-07","15216"
"1108","Ndumo","2016-10-15","15576"
"1109","Ndumo","2016-10-23","15259"
"1110","Ndumo","2016-10-31","15570"
"1111","Ndumo","2016-11-08","15271"
"1112","Ndumo","2016-11-16","15136"
"1113","Ndumo","2016-11-24","15433"
"1114","Ndumo","2016-12-02","15429"
"1115","Ndumo","2016-12-10","15429"
"1116","Ndumo","2016-12-18","15638"
"1117","Ndumo","2016-12-26",NA
"1118","Ndumo","2017-01-01","15227"
"1119","Ndumo","2017-01-09","15148"
"1120","Ndumo","2017-01-17","15147"
"1121","Ndumo","2017-01-25","15348"
"1122","Ndumo","2017-02-02","15217"
"1123","Ndumo","2017-02-10","15418"
"1124","Ndumo","2017-02-18","15303"
"1125","Ndumo","2017-02-26","15091"
"1126","Ndumo","2017-03-06","15040"
"1127","Ndumo","2017-03-14","15077"
"1128","Ndumo","2017-03-22","15198"
"1129","Ndumo","2017-03-30","15222"
"1130","Ndumo","2017-04-07","15264"
"1131","Ndumo","2017-04-15","15197"
"1132","Ndumo","2017-04-23","15146"
"1133","Ndumo","2017-05-01","14957"
"1134","Ndumo","2017-05-09","14927"
"1135","Ndumo","2017-05-17","14965"
"1136","Ndumo","2017-05-25","14886"
"1137","Ndumo","2017-06-02","14923"
"1138","Ndumo","2017-06-10","14902"
"1139","Ndumo","2017-06-18","14914"
"1140","Ndumo","2017-06-26","14880"
"1141","Ndumo","2017-07-04","15012"
"1142","Ndumo","2017-07-12","14982"
"1143","Ndumo","2017-07-20","14950"
"1144","Ndumo","2017-07-28","14962"
"1145","Ndumo","2017-08-05","15017"
"1146","Ndumo","2017-08-13","15006"
"1147","Ndumo","2017-08-21","15159"
"1148","Ndumo","2017-08-29","14941"
"1149","Ndumo","2017-09-06","15351"
"1150","Ndumo","2017-09-14","15110"
"1151","Ndumo","2017-09-22","15096"
"1152","Ndumo","2017-09-30","15358"
"1153","Ndumo","2017-10-08","15413"
"1154","Ndumo","2017-10-16","15434"
"1155","Ndumo","2017-10-24","15577"
"1156","Ndumo","2017-11-01","15626"
"1157","Ndumo","2017-11-09","15367"
"1158","Ndumo","2017-11-17","15441"
"1159","Ndumo","2017-11-25","15369"
"1160","Ndumo","2017-12-03","15229"
"1161","Ndumo","2017-12-11","15140"
"1162","Ndumo","2017-12-19","15271"
"1163","Ndumo","2017-12-27","15135"
"1164","Ndumo","2018-01-01","15344"
"1165","Ndumo","2018-01-09","15599"
"1166","Ndumo","2018-01-17","15407"
"1167","Ndumo","2018-01-25","15080"
"1168","Ndumo","2018-02-02","15083"
"1169","Ndumo","2018-02-10","15039"
"1170","Ndumo","2018-02-18","14811"
"1171","Ndumo","2018-02-26","15054"
"1172","Ndumo","2018-03-06","15121"
"1173","Ndumo","2018-03-14","15068"
"1174","Ndumo","2018-03-22","15021"
"1175","Ndumo","2018-03-30","15039"
"1176","Ndumo","2018-04-07","14909"
"1177","Ndumo","2018-04-15","14901"
"1178","Ndumo","2018-04-23","14948"
"1179","Ndumo","2018-05-01","14926"
"1180","Ndumo","2018-05-09","14849"
"1181","Ndumo","2018-05-17","14790"
"1182","Ndumo","2018-05-25","14827"
"1183","Ndumo","2018-06-02","14713"
"1184","Ndumo","2018-06-10","14828"
"1185","Ndumo","2018-06-18","14817"
"1186","Ndumo","2018-06-26","14780"
"1187","Ndumo","2018-07-04","14728"
"1188","Ndumo","2018-07-12","14713"
"1189","Ndumo","2018-07-20","14867"
"1190","Ndumo","2018-07-28","14799"
"1191","Ndumo","2018-08-05","14839"
"1192","Ndumo","2018-08-13","14938"
"1193","Ndumo","2018-08-21","14797"
"1194","Ndumo","2018-08-29","15129"
"1195","Ndumo","2018-09-06","15014"
"1196","Ndumo","2018-09-14","15186"
"1197","Ndumo","2018-09-22","15213"
"1198","Ndumo","2018-09-30","15028"
"1199","Ndumo","2018-10-08","15276"
"1200","Ndumo","2018-10-16","14810"
"1201","Ndumo","2018-10-24","15487"
"1202","Ndumo","2018-11-01","15067"
"1203","Ndumo","2018-11-09","15179"
"1204","Ndumo","2018-11-17","15320"
"1205","Ndumo","2018-11-25","15617"
"1206","Ndumo","2018-12-03","15435"
"1207","Ndumo","2018-12-11","15419"
"1208","Ndumo","2018-12-19","15365"
"1209","Ndumo","2018-12-27","15417"
"1210","Ndumo","2019-01-01","15186"
"1211","Ndumo","2019-01-09","15319"
"1212","Ndumo","2019-01-17","15099"
"1213","Ndumo","2019-01-25","15167"
"1214","Ndumo","2019-02-02","15128"
"1215","Ndumo","2019-02-10","15498"
"1216","Ndumo","2019-02-18","15115"
"1217","Ndumo","2019-02-26","15102"
"1218","Ndumo","2019-03-06","14933"
"1219","Ndumo","2019-03-14","15073"
"1220","Ndumo","2019-03-22","14904"
"1221","Ndumo","2019-03-30","14937"
"1222","Ndumo","2019-04-07","14944"
"1223","Ndumo","2019-04-15","14939"
"1224","Ndumo","2019-04-23","14983"
"1225","Ndumo","2019-05-01","14990"
"1226","Ndumo","2019-05-09","14922"
"1227","Ndumo","2019-05-17","14956"
"1228","Ndumo","2019-05-25","14918"
"1229","Ndumo","2019-06-02","14835"
"1230","Ndumo","2019-06-10","14790"
"1231","Ndumo","2019-06-18","14878"
"1232","Ndumo","2019-06-26","14880"
"1233","Ndumo","2019-07-04","14881"
"1234","Ndumo","2019-07-12","14911"
"1235","Ndumo","2019-07-20","14854"
"1236","Ndumo","2019-07-28","14920"
"1237","Ndumo","2019-08-05","14996"
"1238","Ndumo","2019-08-13","15002"
"1239","Ndumo","2019-08-21","15131"
"1240","Ndumo","2019-08-29","15170"
"1241","Ndumo","2019-09-06","15089"
"1242","Ndumo","2019-09-14","15239"
"1243","Ndumo","2019-09-22","15492"
"1244","Ndumo","2019-09-30","15315"
"1245","Ndumo","2019-10-08","15230"
"1246","Ndumo","2019-10-16","15478"
"1247","Ndumo","2019-10-24","15309"
"1248","Ndumo","2019-11-01","15526"
"1249","Ndumo","2019-11-09","14920"
"1250","Ndumo","2019-11-17","15152"
"1251","Ndumo","2019-11-25","15210"
"1252","Ndumo","2019-12-03","15534"
"1253","Ndumo","2019-12-11","14978"
"1254","Ndumo","2019-12-19","15365"
"1255","Ndumo","2019-12-27",NA
"1256","Ndumo","2020-01-01","15486"
"1257","Ndumo","2020-01-09","15226"
"1258","Ndumo","2020-01-17","15108"
"1259","Ndumo","2020-01-25","15502"
"1260","Ndumo","2020-02-02","15397"
"1261","Ndumo","2020-02-10","15286"
"1262","Ndumo","2020-02-18","15130"
"1263","Ndumo","2020-02-26","15210"
"1264","Ndumo","2020-03-05","15296"
"1265","Ndumo","2020-03-13","15317"
"1266","Ndumo","2020-03-21","15183"
"1267","Ndumo","2020-03-29","15225"
"1268","Phelandaba","2016-04-30","15075"
"1269","Phelandaba","2016-05-08","15005"
"1270","Phelandaba","2016-05-16","14891"
"1271","Phelandaba","2016-05-24","14842"
"1272","Phelandaba","2016-06-01","14856"
"1273","Phelandaba","2016-06-09","14775"
"1274","Phelandaba","2016-06-17","14911"
"1275","Phelandaba","2016-06-25","14924"
"1276","Phelandaba","2016-07-03","14898"
"1277","Phelandaba","2016-07-11","14967"
"1278","Phelandaba","2016-07-19","15018"
"1279","Phelandaba","2016-07-27","14905"
"1280","Phelandaba","2016-08-04","15009"
"1281","Phelandaba","2016-08-12","15118"
"1282","Phelandaba","2016-08-20","15134"
"1283","Phelandaba","2016-08-28","15302"
"1284","Phelandaba","2016-09-05","15282"
"1285","Phelandaba","2016-09-13","15158"
"1286","Phelandaba","2016-09-21","15329"
"1287","Phelandaba","2016-09-29","15199"
"1288","Phelandaba","2016-10-07","15320"
"1289","Phelandaba","2016-10-15","15374"
"1290","Phelandaba","2016-10-23","15230"
"1291","Phelandaba","2016-10-31","15429"
"1292","Phelandaba","2016-11-08","15076"
"1293","Phelandaba","2016-11-16","15347"
"1294","Phelandaba","2016-11-24","15418"
"1295","Phelandaba","2016-12-02","15464"
"1296","Phelandaba","2016-12-10","15257"
"1297","Phelandaba","2016-12-18","15761"
"1298","Phelandaba","2016-12-26","15666"
"1299","Phelandaba","2017-01-01","15375"
"1300","Phelandaba","2017-01-09","15339"
"1301","Phelandaba","2017-01-17","15514"
"1302","Phelandaba","2017-01-25","15405"
"1303","Phelandaba","2017-02-02","15323"
"1304","Phelandaba","2017-02-10","15450"
"1305","Phelandaba","2017-02-18","15327"
"1306","Phelandaba","2017-02-26","15278"
"1307","Phelandaba","2017-03-06","15191"
"1308","Phelandaba","2017-03-14","15124"
"1309","Phelandaba","2017-03-22","15239"
"1310","Phelandaba","2017-03-30","15280"
"1311","Phelandaba","2017-04-07","15247"
"1312","Phelandaba","2017-04-15","15199"
"1313","Phelandaba","2017-04-23","14946"
"1314","Phelandaba","2017-05-01","15015"
"1315","Phelandaba","2017-05-09","15029"
"1316","Phelandaba","2017-05-17","14976"
"1317","Phelandaba","2017-05-25","14878"
"1318","Phelandaba","2017-06-02","14966"
"1319","Phelandaba","2017-06-10","14924"
"1320","Phelandaba","2017-06-18","14854"
"1321","Phelandaba","2017-06-26","14936"
"1322","Phelandaba","2017-07-04","14982"
"1323","Phelandaba","2017-07-12","14909"
"1324","Phelandaba","2017-07-20","15013"
"1325","Phelandaba","2017-07-28","14998"
"1326","Phelandaba","2017-08-05","15077"
"1327","Phelandaba","2017-08-13","15003"
"1328","Phelandaba","2017-08-21","15147"
"1329","Phelandaba","2017-08-29","14953"
"1330","Phelandaba","2017-09-06","15340"
"1331","Phelandaba","2017-09-14","15055"
"1332","Phelandaba","2017-09-22","15031"
"1333","Phelandaba","2017-09-30","15295"
"1334","Phelandaba","2017-10-08","15293"
"1335","Phelandaba","2017-10-16","15370"
"1336","Phelandaba","2017-10-24","15383"
"1337","Phelandaba","2017-11-01","15510"
"1338","Phelandaba","2017-11-09","15468"
"1339","Phelandaba","2017-11-17","15439"
"1340","Phelandaba","2017-11-25","15655"
"1341","Phelandaba","2017-12-03","15410"
"1342","Phelandaba","2017-12-11","15473"
"1343","Phelandaba","2017-12-19","15526"
"1344","Phelandaba","2017-12-27","15200"
"1345","Phelandaba","2018-01-01","15475"
"1346","Phelandaba","2018-01-09","15643"
"1347","Phelandaba","2018-01-17","15611"
"1348","Phelandaba","2018-01-25",NA
"1349","Phelandaba","2018-02-02","15267"
"1350","Phelandaba","2018-02-10","15390"
"1351","Phelandaba","2018-02-18","15318"
"1352","Phelandaba","2018-02-26","15438"
"1353","Phelandaba","2018-03-06","15245"
"1354","Phelandaba","2018-03-14","15237"
"1355","Phelandaba","2018-03-22","15075"
"1356","Phelandaba","2018-03-30","15281"
"1357","Phelandaba","2018-04-07","14970"
"1358","Phelandaba","2018-04-15","15027"
"1359","Phelandaba","2018-04-23","15025"
"1360","Phelandaba","2018-05-01","15004"
"1361","Phelandaba","2018-05-09","15008"
"1362","Phelandaba","2018-05-17","14865"
"1363","Phelandaba","2018-05-25","14891"
"1364","Phelandaba","2018-06-02","14823"
"1365","Phelandaba","2018-06-10","14856"
"1366","Phelandaba","2018-06-18","14903"
"1367","Phelandaba","2018-06-26","14899"
"1368","Phelandaba","2018-07-04","14782"
"1369","Phelandaba","2018-07-12","14839"
"1370","Phelandaba","2018-07-20","14847"
"1371","Phelandaba","2018-07-28","14870"
"1372","Phelandaba","2018-08-05","14759"
"1373","Phelandaba","2018-08-13","15052"
"1374","Phelandaba","2018-08-21","14905"
"1375","Phelandaba","2018-08-29","15082"
"1376","Phelandaba","2018-09-06","15119"
"1377","Phelandaba","2018-09-14","15376"
"1378","Phelandaba","2018-09-22","15070"
"1379","Phelandaba","2018-09-30","15145"
"1380","Phelandaba","2018-10-08","15365"
"1381","Phelandaba","2018-10-16","14993"
"1382","Phelandaba","2018-10-24","15508"
"1383","Phelandaba","2018-11-01","15165"
"1384","Phelandaba","2018-11-09","15215"
"1385","Phelandaba","2018-11-17","15343"
"1386","Phelandaba","2018-11-25","15571"
"1387","Phelandaba","2018-12-03","15425"
"1388","Phelandaba","2018-12-11","15531"
"1389","Phelandaba","2018-12-19","15717"
"1390","Phelandaba","2018-12-27","15473"
"1391","Phelandaba","2019-01-01","15167"
"1392","Phelandaba","2019-01-09","15379"
"1393","Phelandaba","2019-01-17","15227"
"1394","Phelandaba","2019-01-25","15290"
"1395","Phelandaba","2019-02-02","15110"
"1396","Phelandaba","2019-02-10","15429"
"1397","Phelandaba","2019-02-18","15193"
"1398","Phelandaba","2019-02-26","15003"
"1399","Phelandaba","2019-03-06","15198"
"1400","Phelandaba","2019-03-14","15189"
"1401","Phelandaba","2019-03-22","15157"
"1402","Phelandaba","2019-03-30","15058"
"1403","Phelandaba","2019-04-07","15003"
"1404","Phelandaba","2019-04-15","14896"
"1405","Phelandaba","2019-04-23","15003"
"1406","Phelandaba","2019-05-01","15079"
"1407","Phelandaba","2019-05-09","15004"
"1408","Phelandaba","2019-05-17","15013"
"1409","Phelandaba","2019-05-25","14871"
"1410","Phelandaba","2019-06-02","14912"
"1411","Phelandaba","2019-06-10","14837"
"1412","Phelandaba","2019-06-18","14875"
"1413","Phelandaba","2019-06-26","14954"
"1414","Phelandaba","2019-07-04","14968"
"1415","Phelandaba","2019-07-12","14986"
"1416","Phelandaba","2019-07-20","14934"
"1417","Phelandaba","2019-07-28","15009"
"1418","Phelandaba","2019-08-05","15023"
"1419","Phelandaba","2019-08-13","15033"
"1420","Phelandaba","2019-08-21","15210"
"1421","Phelandaba","2019-08-29","15179"
"1422","Phelandaba","2019-09-06","15240"
"1423","Phelandaba","2019-09-14","15412"
"1424","Phelandaba","2019-09-22","15485"
"1425","Phelandaba","2019-09-30","15256"
"1426","Phelandaba","2019-10-08","15351"
"1427","Phelandaba","2019-10-16","15516"
"1428","Phelandaba","2019-10-24","15310"
"1429","Phelandaba","2019-11-01","15714"
"1430","Phelandaba","2019-11-09","15128"
"1431","Phelandaba","2019-11-17","15395"
"1432","Phelandaba","2019-11-25","15542"
"1433","Phelandaba","2019-12-03","15722"
"1434","Phelandaba","2019-12-11","15202"
"1435","Phelandaba","2019-12-19","15866"
"1436","Phelandaba","2019-12-27",NA
"1437","Phelandaba","2020-01-01","15677"
"1438","Phelandaba","2020-01-09","15630"
"1439","Phelandaba","2020-01-17",NA
"1440","Phelandaba","2020-01-25","15486"
"1441","Phelandaba","2020-02-02","15459"
"1442","Phelandaba","2020-02-10","15418"
"1443","Phelandaba","2020-02-18","15092"
"1444","Phelandaba","2020-02-26","15253"
"1445","Phelandaba","2020-03-05","15332"
"1446","Phelandaba","2020-03-13","15095"
"1447","Phelandaba","2020-03-21","15295"
"1448","Phelandaba","2020-03-29","15213"
"1449","Shemula","2016-04-30","14969"
"1450","Shemula","2016-05-08","14875"
"1451","Shemula","2016-05-16","14866"
"1452","Shemula","2016-05-24","14856"
"1453","Shemula","2016-06-01","14927"
"1454","Shemula","2016-06-09","14876"
"1455","Shemula","2016-06-17","14914"
"1456","Shemula","2016-06-25","14874"
"1457","Shemula","2016-07-03","14734"
"1458","Shemula","2016-07-11","14725"
"1459","Shemula","2016-07-19","14929"
"1460","Shemula","2016-07-27","14873"
"1461","Shemula","2016-08-04","14925"
"1462","Shemula","2016-08-12","15023"
"1463","Shemula","2016-08-20","14987"
"1464","Shemula","2016-08-28","15207"
"1465","Shemula","2016-09-05","15205"
"1466","Shemula","2016-09-13","15062"
"1467","Shemula","2016-09-21","15247"
"1468","Shemula","2016-09-29","15031"
"1469","Shemula","2016-10-07","15027"
"1470","Shemula","2016-10-15","15357"
"1471","Shemula","2016-10-23","14994"
"1472","Shemula","2016-10-31","15329"
"1473","Shemula","2016-11-08","15127"
"1474","Shemula","2016-11-16","14725"
"1475","Shemula","2016-11-24","15288"
"1476","Shemula","2016-12-02","15221"
"1477","Shemula","2016-12-10","15353"
"1478","Shemula","2016-12-18","15551"
"1479","Shemula","2016-12-26","15206"
"1480","Shemula","2017-01-01","15279"
"1481","Shemula","2017-01-09","15208"
"1482","Shemula","2017-01-17","15275"
"1483","Shemula","2017-01-25","15289"
"1484","Shemula","2017-02-02","15204"
"1485","Shemula","2017-02-10","15381"
"1486","Shemula","2017-02-18","15068"
"1487","Shemula","2017-02-26","15070"
"1488","Shemula","2017-03-06","15052"
"1489","Shemula","2017-03-14","15033"
"1490","Shemula","2017-03-22","15161"
"1491","Shemula","2017-03-30","15125"
"1492","Shemula","2017-04-07","15069"
"1493","Shemula","2017-04-15","15002"
"1494","Shemula","2017-04-23","14995"
"1495","Shemula","2017-05-01","14877"
"1496","Shemula","2017-05-09","14843"
"1497","Shemula","2017-05-17","14858"
"1498","Shemula","2017-05-25","14754"
"1499","Shemula","2017-06-02","14827"
"1500","Shemula","2017-06-10","14828"
"1501","Shemula","2017-06-18","14795"
"1502","Shemula","2017-06-26","14809"
"1503","Shemula","2017-07-04","14902"
"1504","Shemula","2017-07-12","14878"
"1505","Shemula","2017-07-20","14853"
"1506","Shemula","2017-07-28","14898"
"1507","Shemula","2017-08-05","14952"
"1508","Shemula","2017-08-13","14904"
"1509","Shemula","2017-08-21","14963"
"1510","Shemula","2017-08-29","14866"
"1511","Shemula","2017-09-06","15136"
"1512","Shemula","2017-09-14","14987"
"1513","Shemula","2017-09-22","14915"
"1514","Shemula","2017-09-30","15147"
"1515","Shemula","2017-10-08","15153"
"1516","Shemula","2017-10-16","15224"
"1517","Shemula","2017-10-24","15341"
"1518","Shemula","2017-11-01","15392"
"1519","Shemula","2017-11-09","15066"
"1520","Shemula","2017-11-17","15343"
"1521","Shemula","2017-11-25","15472"
"1522","Shemula","2017-12-03","15392"
"1523","Shemula","2017-12-11","15133"
"1524","Shemula","2017-12-19","15244"
"1525","Shemula","2017-12-27","15079"
"1526","Shemula","2018-01-01","15241"
"1527","Shemula","2018-01-09","15326"
"1528","Shemula","2018-01-17","15316"
"1529","Shemula","2018-01-25","14995"
"1530","Shemula","2018-02-02","15109"
"1531","Shemula","2018-02-10","15080"
"1532","Shemula","2018-02-18","14951"
"1533","Shemula","2018-02-26","15074"
"1534","Shemula","2018-03-06","15085"
"1535","Shemula","2018-03-14","15090"
"1536","Shemula","2018-03-22","14997"
"1537","Shemula","2018-03-30","15064"
"1538","Shemula","2018-04-07","14969"
"1539","Shemula","2018-04-15","14890"
"1540","Shemula","2018-04-23","14951"
"1541","Shemula","2018-05-01","14938"
"1542","Shemula","2018-05-09","14907"
"1543","Shemula","2018-05-17","14807"
"1544","Shemula","2018-05-25","14754"
"1545","Shemula","2018-06-02","14663"
"1546","Shemula","2018-06-10","14789"
"1547","Shemula","2018-06-18","14790"
"1548","Shemula","2018-06-26","14753"
"1549","Shemula","2018-07-04","14682"
"1550","Shemula","2018-07-12","14656"
"1551","Shemula","2018-07-20","14795"
"1552","Shemula","2018-07-28","14759"
"1553","Shemula","2018-08-05","14733"
"1554","Shemula","2018-08-13","14852"
"1555","Shemula","2018-08-21","14775"
"1556","Shemula","2018-08-29","15039"
"1557","Shemula","2018-09-06","14921"
"1558","Shemula","2018-09-14","15055"
"1559","Shemula","2018-09-22","15110"
"1560","Shemula","2018-09-30","14911"
"1561","Shemula","2018-10-08","15103"
"1562","Shemula","2018-10-16","14705"
"1563","Shemula","2018-10-24","15207"
"1564","Shemula","2018-11-01","15001"
"1565","Shemula","2018-11-09","15019"
"1566","Shemula","2018-11-17","15087"
"1567","Shemula","2018-11-25","15335"
"1568","Shemula","2018-12-03","15303"
"1569","Shemula","2018-12-11","15284"
"1570","Shemula","2018-12-19","15179"
"1571","Shemula","2018-12-27","14920"
"1572","Shemula","2019-01-01","15078"
"1573","Shemula","2019-01-09","15287"
"1574","Shemula","2019-01-17","15307"
"1575","Shemula","2019-01-25","15216"
"1576","Shemula","2019-02-02","15078"
"1577","Shemula","2019-02-10","15332"
"1578","Shemula","2019-02-18","15088"
"1579","Shemula","2019-02-26","14930"
"1580","Shemula","2019-03-06","14921"
"1581","Shemula","2019-03-14","15055"
"1582","Shemula","2019-03-22","14707"
"1583","Shemula","2019-03-30","14850"
"1584","Shemula","2019-04-07","14892"
"1585","Shemula","2019-04-15","14868"
"1586","Shemula","2019-04-23","14914"
"1587","Shemula","2019-05-01","14936"
"1588","Shemula","2019-05-09","14857"
"1589","Shemula","2019-05-17","14890"
"1590","Shemula","2019-05-25","14829"
"1591","Shemula","2019-06-02","14820"
"1592","Shemula","2019-06-10","14720"
"1593","Shemula","2019-06-18","14812"
"1594","Shemula","2019-06-26","14788"
"1595","Shemula","2019-07-04","14806"
"1596","Shemula","2019-07-12","14841"
"1597","Shemula","2019-07-20","14812"
"1598","Shemula","2019-07-28","14870"
"1599","Shemula","2019-08-05","14940"
"1600","Shemula","2019-08-13","14914"
"1601","Shemula","2019-08-21","14994"
"1602","Shemula","2019-08-29","15089"
"1603","Shemula","2019-09-06","15059"
"1604","Shemula","2019-09-14","15261"
"1605","Shemula","2019-09-22","15316"
"1606","Shemula","2019-09-30","15136"
"1607","Shemula","2019-10-08","15192"
"1608","Shemula","2019-10-16","15301"
"1609","Shemula","2019-10-24","15234"
"1610","Shemula","2019-11-01","15462"
"1611","Shemula","2019-11-09","15076"
"1612","Shemula","2019-11-17","15086"
"1613","Shemula","2019-11-25","15271"
"1614","Shemula","2019-12-03","15481"
"1615","Shemula","2019-12-11","15044"
"1616","Shemula","2019-12-19","15410"
"1617","Shemula","2019-12-27",NA
"1618","Shemula","2020-01-01","15351"
"1619","Shemula","2020-01-09","15439"
"1620","Shemula","2020-01-17","15054"
"1621","Shemula","2020-01-25","15401"
"1622","Shemula","2020-02-02","15394"
"1623","Shemula","2020-02-10","15297"
"1624","Shemula","2020-02-18","15144"
"1625","Shemula","2020-02-26","15256"
"1626","Shemula","2020-03-05","15295"
"1627","Shemula","2020-03-13","15176"
"1628","Shemula","2020-03-21","15150"
"1629","Shemula","2020-03-29","15073"
